epoch,time,train/box_loss,train/seg_loss,train/cls_loss,train/dfl_loss,metrics/precision(B),metrics/recall(B),metrics/mAP50(B),metrics/mAP50-95(B),metrics/precision(M),metrics/recall(M),metrics/mAP50(M),metrics/mAP50-95(M),val/box_loss,val/seg_loss,val/cls_loss,val/dfl_loss,lr/pg0,lr/pg1,lr/pg2
1,0.878943,1.94674,6.10329,3.24693,2.01856,0.00846,0.625,0.17972,0.17439,0.00088,0.02083,0.00048,5e-05,2.48363,10.1874,3.07089,2.51436,0,0,0
2,1.56246,1.79368,6.49706,3.26492,1.93301,0.00929,0.64583,0.17595,0.15675,0.00087,0.02083,0.00048,0.0001,2.47828,10.2308,3.07514,2.51605,1.6615e-05,1.6615e-05,1.6615e-05
3,2.31316,2.077,6.74917,3.28668,2.11528,0.00672,0.47917,0.27155,0.25364,0,0,0,0,2.46273,10.3211,3.07728,2.51159,3.312e-05,3.312e-05,3.312e-05
4,2.97548,1.80366,6.57765,3.19229,1.97764,0.00838,0.52083,0.20374,0.17153,0.00084,0.02083,0.00048,0.0001,2.45282,10.3133,3.08136,2.51796,4.95149e-05,4.95149e-05,4.95149e-05
5,3.53675,1.77042,6.10583,3.11628,1.9714,0.00911,0.54167,0.20597,0.18913,0.00082,0.02083,0.00046,9e-05,2.44331,10.4692,3.08211,2.51009,6.57998e-05,6.57998e-05,6.57998e-05
6,4.1014,2.00672,6.54287,3.16075,2.14932,0.00985,0.5625,0.27583,0.254,0.00081,0.02083,0.00044,9e-05,2.43343,10.5145,3.08362,2.50552,8.19747e-05,8.19747e-05,8.19747e-05
7,4.74684,2.04855,6.46979,3.21055,2.0253,0.00976,0.66667,0.06561,0.05254,0.00302,0.08333,0.02539,0.02053,1.44014,4.10195,2.92342,1.6949,9.80396e-05,9.80396e-05,9.80396e-05
8,5.48544,1.50553,4.04275,3.08599,1.68867,0.01421,0.79167,0.16756,0.1252,0.01043,0.29167,0.13747,0.08284,0.87574,2.30328,2.86409,1.30472,0.000113994,0.000113994,0.000113994
9,6.23309,1.16454,2.77706,2.99362,1.45642,0.01803,0.91667,0.33896,0.19999,0.01662,0.5,0.16971,0.09188,0.8613,1.59354,2.82629,1.21253,0.000129839,0.000129839,0.000129839
10,7.03116,1.1347,2.93886,3.02372,1.36627,0.02006,0.97917,0.37638,0.2489,0.01653,0.5,0.17953,0.11702,0.92874,1.36972,2.81453,1.28508,0.000145574,0.000145574,0.000145574
11,7.81815,1.05149,2.3745,2.91127,1.34541,0.02005,0.97917,0.36755,0.28075,0.01582,0.47917,0.18656,0.14848,0.81711,1.1882,2.80595,1.16758,0.000161199,0.000161199,0.000161199
12,8.62536,0.84334,2.18469,2.73519,1.19111,0.02053,1,0.4275,0.34531,0.01615,0.5,0.19958,0.16213,0.59653,1.01934,2.80423,1.01708,0.000176714,0.000176714,0.000176714
13,9.3938,0.82485,2.3285,2.68382,1.18323,0.02085,1,0.61392,0.51434,0.01669,0.5,0.26417,0.22098,0.51731,1.00267,2.81178,0.95672,0.000192118,0.000192118,0.000192118
14,10.1934,0.68343,1.67198,2.62536,1.0791,0.02071,1,0.62316,0.52517,0.01646,0.5,0.34091,0.28987,0.48218,0.86219,2.76617,0.89619,0.000207413,0.000207413,0.000207413
15,11.0216,0.76076,1.74705,2.60593,1.14402,0.02131,1,0.71565,0.65057,0.01739,0.5,0.3448,0.31639,0.47982,0.89904,2.77362,0.8989,0.000222598,0.000222598,0.000222598
16,11.8464,0.65084,1.37664,2.4707,1.04769,0.02137,1,0.8403,0.74021,0.01747,0.5,0.3504,0.25868,0.50838,1.26676,2.77526,0.90849,0.000237673,0.000237673,0.000237673
17,12.6522,0.72432,1.24346,2.42358,1.10048,0.02138,1,0.84297,0.7824,0.01749,0.5,0.35606,0.2644,0.4589,1.36126,2.7626,0.90494,0.000252637,0.000252637,0.000252637
18,13.4422,0.65393,1.24308,2.41645,0.99701,0.02138,1,0.84297,0.7824,0.01749,0.5,0.35606,0.2644,0.4589,1.36126,2.7626,0.90494,0.000267492,0.000267492,0.000267492
19,14.2609,0.63494,1.38609,2.33039,1.01686,0.02108,1,0.85943,0.75522,0.01705,0.5,0.37219,0.29892,0.41383,0.97037,2.75878,0.90291,0.000282236,0.000282236,0.000282236
20,15.0518,0.59322,1.35861,2.22839,1.04552,0.02108,1,0.85943,0.75522,0.01705,0.5,0.37219,0.29892,0.41383,0.97037,2.75878,0.90291,0.000296871,0.000296871,0.000296871
21,15.9019,0.62741,1.01232,2.182,1.07651,0.02068,1,0.8151,0.75179,0.01642,0.5,0.33766,0.29747,0.40412,0.76887,2.75099,0.89998,0.000311396,0.000311396,0.000311396
22,16.6282,0.6143,1.09151,2.15971,1.01167,0.02068,1,0.8151,0.75179,0.01642,0.5,0.33766,0.29747,0.40412,0.76887,2.75099,0.89998,0.00032581,0.00032581,0.00032581
23,17.6175,0.68872,1.681,2.16254,1.06969,0.02055,1,0.81298,0.7453,0.01619,0.5,0.32114,0.29234,0.41493,0.97514,2.75473,0.90212,0.000340115,0.000340115,0.000340115
24,18.5508,0.71283,2.42625,2.0246,1.11205,0.02055,1,0.81298,0.7453,0.01619,0.5,0.32114,0.29234,0.41493,0.97514,2.75473,0.90212,0.000354309,0.000354309,0.000354309
25,19.3416,0.67676,1.52367,2.03154,1.08224,0.02028,1,0.80655,0.74997,0.01569,0.5,0.31219,0.27908,0.44579,1.14692,2.75323,0.91418,0.000368394,0.000368394,0.000368394
26,20.1376,0.69079,1.22804,1.82923,1.09564,0.02028,1,0.80655,0.74997,0.01569,0.5,0.31219,0.27908,0.44579,1.14692,2.75323,0.91418,0.000382368,0.000382368,0.000382368
27,20.9232,0.64422,1.23755,1.96411,1.03249,0.02023,1,0.80574,0.70798,0.01556,0.5,0.30824,0.26874,0.48034,1.16225,2.73511,0.92751,0.000396233,0.000396233,0.000396233
28,21.7227,0.60734,1.30756,1.76983,1.01929,0.02023,1,0.80574,0.70798,0.01556,0.5,0.30824,0.26874,0.48034,1.16225,2.73511,0.92751,0.000409987,0.000409987,0.000409987
29,22.487,0.77291,1.29762,1.87647,1.10044,0.02021,1,0.81825,0.70957,0.01552,0.5,0.32703,0.27798,0.53024,1.1999,2.71261,0.95692,0.000423631,0.000423631,0.000423631
30,23.2586,0.66664,1.14892,1.71641,1.09996,0.02021,1,0.81825,0.70957,0.01552,0.5,0.32703,0.27798,0.53024,1.1999,2.71261,0.95692,0.000437166,0.000437166,0.000437166
31,24.0318,0.63545,1.25751,1.70742,1.02358,0.02005,1,0.83185,0.71012,0.01515,0.5,0.33435,0.28847,0.51382,0.99956,2.67502,0.96716,0.00045059,0.00045059,0.00045059
32,24.8675,0.61004,1.00346,1.67591,0.96954,0.02005,1,0.83185,0.71012,0.01515,0.5,0.33435,0.28847,0.51382,0.99956,2.67502,0.96716,0.000463904,0.000463904,0.000463904
33,25.631,0.64795,1.27322,1.54697,1.08725,0.02005,1,0.83447,0.74829,0.01513,0.5,0.33697,0.28186,0.48027,0.90709,2.63988,0.94541,0.000477109,0.000477109,0.000477109
34,26.3928,0.70256,1.37945,1.49952,1.0766,0.02005,1,0.83447,0.74829,0.01513,0.5,0.33697,0.28186,0.48027,0.90709,2.63988,0.94541,0.000490203,0.000490203,0.000490203
35,27.1433,0.68343,1.25647,1.51688,1.06937,0.02008,1,0.83688,0.73915,0.01521,0.5,0.3021,0.26456,0.45859,0.90926,2.60355,0.94504,0.000503187,0.000503187,0.000503187
36,27.8997,0.60581,1.24964,1.46418,1.01217,0.02008,1,0.83688,0.73915,0.01521,0.5,0.3021,0.26456,0.45859,0.90926,2.60355,0.94504,0.000516062,0.000516062,0.000516062
37,28.6654,0.64674,1.37438,1.47277,1.03344,0.02014,1,0.82031,0.75869,0.01536,0.5,0.27817,0.24528,0.56068,0.96221,2.57181,0.99931,0.000528826,0.000528826,0.000528826
38,29.3957,0.69432,1.10766,1.35213,1.0818,0.02014,1,0.82031,0.75869,0.01536,0.5,0.27817,0.24528,0.56068,0.96221,2.57181,0.99931,0.00054148,0.00054148,0.00054148
39,30.1524,0.74832,1.13444,1.3031,1.11978,0.18269,0.83333,0.81186,0.71784,0.12001,0.27083,0.28396,0.24686,0.60037,0.93117,2.56602,1.02466,0.000554024,0.000554024,0.000554024
40,30.8851,0.69109,1.213,1.26948,1.08998,0.18269,0.83333,0.81186,0.71784,0.12001,0.27083,0.28396,0.24686,0.60037,0.93117,2.56602,1.02466,0.000566458,0.000566458,0.000566458
41,31.6509,0.68294,1.15086,1.23489,1.05382,1,0.08342,0.80975,0.71049,1,0.0754,0.30626,0.26572,0.60123,0.79564,2.51049,1.02646,0.000578782,0.000578782,0.000578782
42,32.3684,0.65024,1.23736,1.13318,1.082,1,0.08342,0.80975,0.71049,1,0.0754,0.30626,0.26572,0.60123,0.79564,2.51049,1.02646,0.000590997,0.000590997,0.000590997
43,33.1076,0.70748,1.61046,1.08314,1.09155,1,0.13467,0.81652,0.72184,1,0.13467,0.31857,0.26611,0.56113,0.83627,2.46781,1.01077,0.000603101,0.000603101,0.000603101
44,33.8303,0.74958,1.16792,1.17005,1.10115,1,0.13467,0.81652,0.72184,1,0.13467,0.31857,0.26611,0.56113,0.83627,2.46781,1.01077,0.000615095,0.000615095,0.000615095
45,34.5742,0.73258,1.07742,1.17761,1.10924,1,0.18596,0.80541,0.66182,1,0.18383,0.3055,0.25593,0.57136,1.3682,2.3677,1.02718,0.000626979,0.000626979,0.000626979
46,35.2786,0.62829,0.84412,1.02092,1.0683,1,0.18596,0.80541,0.66182,1,0.18383,0.3055,0.25593,0.57136,1.3682,2.3677,1.02718,0.000638753,0.000638753,0.000638753
47,36.0301,0.68546,1.07797,1.06238,1.11901,1,0.22758,0.82775,0.73017,1,0.22638,0.3089,0.26534,0.60935,1.50864,2.22603,1.09263,0.000650417,0.000650417,0.000650417
48,36.7634,0.59915,0.84809,1.0003,1.04904,1,0.22758,0.82775,0.73017,1,0.22638,0.3089,0.26534,0.60935,1.50864,2.22603,1.09263,0.000661971,0.000661971,0.000661971
49,37.7013,0.6715,1.09477,1.02313,1.03426,0.92657,0.25,0.89871,0.80742,0.92728,0.25,0.40121,0.30802,0.63392,1.64097,2.10357,1.10397,0.000673415,0.000673415,0.000673415
50,38.5843,0.73435,1.19339,1.05845,1.05398,0.92657,0.25,0.89871,0.80742,0.92728,0.25,0.40121,0.30802,0.63392,1.64097,2.10357,1.10397,0.000684749,0.000684749,0.000684749
51,39.4179,0.76416,1.29777,1.0809,1.07452,0.94069,0.5844,0.92411,0.82526,0.44457,0.25,0.40192,0.27394,0.60614,2.43316,1.97682,1.04787,0.000695973,0.000695973,0.000695973
52,40.1624,0.62552,0.89054,0.94344,1.05494,0.94069,0.5844,0.92411,0.82526,0.44457,0.25,0.40192,0.27394,0.60614,2.43316,1.97682,1.04787,0.000707086,0.000707086,0.000707086
53,40.8872,0.67384,1.78786,1.00904,1.07047,0.94069,0.5844,0.92411,0.82526,0.44457,0.25,0.40192,0.27394,0.60614,2.43316,1.97682,1.04787,0.00071809,0.00071809,0.00071809
54,41.6741,0.69609,1.32953,0.94964,1.09391,0.96691,0.60193,0.89747,0.84085,0.98334,0.25,0.33035,0.27756,0.56249,2.20963,1.92387,0.99317,0.000728984,0.000728984,0.000728984
55,42.3938,0.70197,1.21994,1.00109,1.03458,0.96691,0.60193,0.89747,0.84085,0.98334,0.25,0.33035,0.27756,0.56249,2.20963,1.92387,0.99317,0.000739768,0.000739768,0.000739768
56,43.1534,0.69883,1.09141,0.95881,1.04717,0.96691,0.60193,0.89747,0.84085,0.98334,0.25,0.33035,0.27756,0.56249,2.20963,1.92387,0.99317,0.000750442,0.000750442,0.000750442
57,43.8976,0.69597,1.04412,0.94721,1.12157,0.9616,0.55617,0.90463,0.77681,0.98799,0.25,0.35341,0.26446,0.63895,1.77073,1.8696,1.00867,0.000761006,0.000761006,0.000761006
58,44.6644,0.61645,1.14024,0.87825,1.03321,0.9616,0.55617,0.90463,0.77681,0.98799,0.25,0.35341,0.26446,0.63895,1.77073,1.8696,1.00867,0.000771459,0.000771459,0.000771459
59,45.532,0.698,1.27227,0.89635,1.07048,0.9616,0.55617,0.90463,0.77681,0.98799,0.25,0.35341,0.26446,0.63895,1.77073,1.8696,1.00867,0.000781803,0.000781803,0.000781803
60,46.3467,0.63272,0.88363,0.86267,1.02821,0.886,0.75,0.92686,0.82142,0.40539,0.25,0.40401,0.27485,0.6388,1.46752,1.74309,1.04911,0.000792037,0.000792037,0.000792037
61,47.1043,0.60086,1.18528,0.85293,1.01771,0.886,0.75,0.92686,0.82142,0.40539,0.25,0.40401,0.27485,0.6388,1.46752,1.74309,1.04911,0.00080216,0.00080216,0.00080216
62,47.8576,0.59666,1.10461,0.79624,1.04987,0.886,0.75,0.92686,0.82142,0.40539,0.25,0.40401,0.27485,0.6388,1.46752,1.74309,1.04911,0.000812174,0.000812174,0.000812174
63,48.6375,0.62003,1.04839,0.90899,0.96865,0.95457,0.91088,0.966,0.88158,0.49583,0.41667,0.46906,0.32546,0.58913,1.14111,1.49367,0.97378,0.000822078,0.000822078,0.000822078
64,49.4255,0.64904,1.3656,0.84258,1.04964,0.95457,0.91088,0.966,0.88158,0.49583,0.41667,0.46906,0.32546,0.58913,1.14111,1.49367,0.97378,0.000831871,0.000831871,0.000831871
65,50.2199,0.66059,0.759,0.88702,1.10066,0.95457,0.91088,0.966,0.88158,0.49583,0.41667,0.46906,0.32546,0.58913,1.14111,1.49367,0.97378,0.000841555,0.000841555,0.000841555
66,51.0466,0.69796,1.24885,0.83159,1.05994,0.92897,0.91405,0.97176,0.91075,0.5,0.41798,0.47426,0.36159,0.539,0.96193,1.42761,0.93894,0.000851129,0.000851129,0.000851129
67,51.8287,0.66135,1.1905,0.87212,1.08188,0.92897,0.91405,0.97176,0.91075,0.5,0.41798,0.47426,0.36159,0.539,0.96193,1.42761,0.93894,0.000860592,0.000860592,0.000860592
68,52.6259,0.61257,1.1893,0.8193,1.05219,0.92897,0.91405,0.97176,0.91075,0.5,0.41798,0.47426,0.36159,0.539,0.96193,1.42761,0.93894,0.000869946,0.000869946,0.000869946
69,53.4597,0.60269,1.22365,0.81796,1.0452,0.91926,0.83047,0.96649,0.91648,0.5,0.38357,0.46899,0.34268,0.48518,1.1361,1.44488,0.92033,0.000879189,0.000879189,0.000879189
70,54.179,0.60295,0.90238,0.78805,0.97701,0.91926,0.83047,0.96649,0.91648,0.5,0.38357,0.46899,0.34268,0.48518,1.1361,1.44488,0.92033,0.000888323,0.000888323,0.000888323
71,54.9359,0.65074,1.38642,0.81868,1.00195,0.91926,0.83047,0.96649,0.91648,0.5,0.38357,0.46899,0.34268,0.48518,1.1361,1.44488,0.92033,0.000897346,0.000897346,0.000897346
72,55.7169,0.57445,0.8495,0.78,0.95575,0.8987,0.85417,0.9749,0.89001,0.47634,0.35417,0.4774,0.33684,0.52332,1.12084,1.37729,0.97058,0.00090626,0.00090626,0.00090626
73,56.4577,0.57188,0.86308,0.74918,0.98639,0.8987,0.85417,0.9749,0.89001,0.47634,0.35417,0.4774,0.33684,0.52332,1.12084,1.37729,0.97058,0.000915063,0.000915063,0.000915063
74,57.2285,0.70306,0.85061,0.91759,1.09729,0.8987,0.85417,0.9749,0.89001,0.47634,0.35417,0.4774,0.33684,0.52332,1.12084,1.37729,0.97058,0.000923756,0.000923756,0.000923756
75,57.9994,0.64292,1.21504,0.83675,1.02026,0.91254,0.85761,0.98586,0.906,0.5,0.36216,0.48836,0.3789,0.51541,0.84435,1.34408,0.97146,0.00093234,0.00093234,0.00093234
76,58.8269,0.5866,0.89699,0.78543,1.00862,0.91254,0.85761,0.98586,0.906,0.5,0.36216,0.48836,0.3789,0.51541,0.84435,1.34408,0.97146,0.000940813,0.000940813,0.000940813
77,59.6417,0.5832,1.03138,0.76687,1.00455,0.91254,0.85761,0.98586,0.906,0.5,0.36216,0.48836,0.3789,0.51541,0.84435,1.34408,0.97146,0.000949176,0.000949176,0.000949176
78,60.4756,0.60709,0.88303,0.79418,1.01835,0.92119,0.93536,0.99214,0.90252,0.5,0.45583,0.49464,0.38377,0.50774,0.80107,1.17597,0.96579,0.00095743,0.00095743,0.00095743
79,61.2738,0.51601,0.67743,0.72243,1.00206,0.92119,0.93536,0.99214,0.90252,0.5,0.45583,0.49464,0.38377,0.50774,0.80107,1.17597,0.96579,0.000965573,0.000965573,0.000965573
80,62.0604,0.53641,1.09992,0.69835,0.98508,0.92119,0.93536,0.99214,0.90252,0.5,0.45583,0.49464,0.38377,0.50774,0.80107,1.17597,0.96579,0.000973606,0.000973606,0.000973606
81,62.9084,0.56181,0.86209,0.72945,0.98706,0.76254,0.92727,0.93571,0.82284,0.45884,0.4375,0.48821,0.37291,0.57025,0.98313,1.06162,0.99974,0.00098153,0.00098153,0.00098153
82,63.6518,0.53976,0.8233,0.7319,0.99343,0.76254,0.92727,0.93571,0.82284,0.45884,0.4375,0.48821,0.37291,0.57025,0.98313,1.06162,0.99974,0.000989343,0.000989343,0.000989343
83,64.5028,0.58894,0.76974,0.75785,1.03265,0.76254,0.92727,0.93571,0.82284,0.45884,0.4375,0.48821,0.37291,0.57025,0.98313,1.06162,0.99974,0.000997046,0.000997046,0.000997046
84,65.2624,0.58499,0.84075,0.72174,0.98095,0.97234,0.79033,0.99105,0.77014,0.43939,0.4375,0.47091,0.36097,0.59226,1.29032,1.04104,1.05416,0.00100464,0.00100464,0.00100464
85,66.0062,0.5295,0.72142,0.68265,0.9481,0.97234,0.79033,0.99105,0.77014,0.43939,0.4375,0.47091,0.36097,0.59226,1.29032,1.04104,1.05416,0.00101212,0.00101212,0.00101212
86,66.7264,0.59935,1.47201,0.73079,0.97837,0.97234,0.79033,0.99105,0.77014,0.43939,0.4375,0.47091,0.36097,0.59226,1.29032,1.04104,1.05416,0.0010195,0.0010195,0.0010195
87,67.4922,0.49496,0.79547,0.66955,0.94855,0.97234,0.79033,0.99105,0.77014,0.43939,0.4375,0.47091,0.36097,0.59226,1.29032,1.04104,1.05416,0.00102676,0.00102676,0.00102676
88,68.2678,0.55845,0.76567,0.71207,0.95461,0.90567,0.86686,0.9843,0.75899,0.46644,0.45833,0.4868,0.39496,0.57423,0.79193,0.94919,1.03206,0.00103391,0.00103391,0.00103391
89,69.0013,0.51864,0.67654,0.70879,0.93048,0.90567,0.86686,0.9843,0.75899,0.46644,0.45833,0.4868,0.39496,0.57423,0.79193,0.94919,1.03206,0.00104095,0.00104095,0.00104095
90,69.7276,0.58757,0.82962,0.72414,0.96645,0.90567,0.86686,0.9843,0.75899,0.46644,0.45833,0.4868,0.39496,0.57423,0.79193,0.94919,1.03206,0.00104789,0.00104789,0.00104789
91,70.4557,0.54407,0.73226,0.71192,0.98569,0.90567,0.86686,0.9843,0.75899,0.46644,0.45833,0.4868,0.39496,0.57423,0.79193,0.94919,1.03206,0.00105471,0.00105471,0.00105471
92,71.2599,0.58059,0.80417,0.79002,0.99829,0.90259,0.90427,0.97515,0.83673,0.49538,0.41667,0.47765,0.41097,0.49768,0.68677,1.0437,0.94238,0.00106142,0.00106142,0.00106142
93,72.0787,0.52679,1.11929,0.6695,0.95151,0.90259,0.90427,0.97515,0.83673,0.49538,0.41667,0.47765,0.41097,0.49768,0.68677,1.0437,0.94238,0.00106803,0.00106803,0.00106803
94,72.8729,0.59022,1.16994,0.78626,1.03537,0.90259,0.90427,0.97515,0.83673,0.49538,0.41667,0.47765,0.41097,0.49768,0.68677,1.0437,0.94238,0.00107452,0.00107452,0.00107452
95,73.6037,0.51795,1.57975,0.66579,0.98768,0.90259,0.90427,0.97515,0.83673,0.49538,0.41667,0.47765,0.41097,0.49768,0.68677,1.0437,0.94238,0.0010809,0.0010809,0.0010809
96,74.3718,0.63119,1.09904,0.81484,1.0868,0.86735,0.88861,0.9772,0.91585,0.45528,0.42438,0.4797,0.42974,0.49371,0.62838,1.02467,0.92183,0.00108718,0.00108718,0.00108718
97,75.1873,0.57066,0.92945,0.70911,1.00053,0.86735,0.88861,0.9772,0.91585,0.45528,0.42438,0.4797,0.42974,0.49371,0.62838,1.02467,0.92183,0.00109334,0.00109334,0.00109334
98,75.9819,0.56532,1.01576,0.68813,0.97811,0.86735,0.88861,0.9772,0.91585,0.45528,0.42438,0.4797,0.42974,0.49371,0.62838,1.02467,0.92183,0.00109939,0.00109939,0.00109939
99,76.9523,0.56979,0.93948,0.70819,0.95521,0.86735,0.88861,0.9772,0.91585,0.45528,0.42438,0.4797,0.42974,0.49371,0.62838,1.02467,0.92183,0.00110533,0.00110533,0.00110533
100,77.8566,0.53495,0.92574,0.68233,0.95815,0.91255,0.9375,0.98772,0.91737,0.45626,0.41667,0.46515,0.38323,0.45975,1.08881,0.90824,0.91104,0.00111117,0.00111117,0.00111117
101,78.5768,0.59096,1.5877,0.70324,1.05707,0.91255,0.9375,0.98772,0.91737,0.45626,0.41667,0.46515,0.38323,0.45975,1.08881,0.90824,0.91104,0.00111689,0.00111689,0.00111689
102,79.3126,0.53212,0.73815,0.67051,0.98846,0.91255,0.9375,0.98772,0.91737,0.45626,0.41667,0.46515,0.38323,0.45975,1.08881,0.90824,0.91104,0.00111139,0.00111139,0.00111139
103,80.0787,0.60538,0.9705,0.71527,0.98998,0.91255,0.9375,0.98772,0.91737,0.45626,0.41667,0.46515,0.38323,0.45975,1.08881,0.90824,0.91104,0.00110589,0.00110589,0.00110589
104,80.8758,0.49879,1.03345,0.71046,0.95621,0.9238,0.99102,0.995,0.91461,0.5,0.49251,0.4975,0.41085,0.45028,0.95712,0.73087,0.90001,0.00110039,0.00110039,0.00110039
105,81.6266,0.53326,0.71908,0.67909,0.98035,0.9238,0.99102,0.995,0.91461,0.5,0.49251,0.4975,0.41085,0.45028,0.95712,0.73087,0.90001,0.00109489,0.00109489,0.00109489
106,82.3759,0.57101,0.7745,0.69769,1.00663,0.9238,0.99102,0.995,0.91461,0.5,0.49251,0.4975,0.41085,0.45028,0.95712,0.73087,0.90001,0.00108938,0.00108938,0.00108938
107,83.128,0.48657,0.79171,0.66763,0.9351,0.9238,0.99102,0.995,0.91461,0.5,0.49251,0.4975,0.41085,0.45028,0.95712,0.73087,0.90001,0.00108388,0.00108388,0.00108388
108,83.9005,0.53291,1.06174,0.69984,0.95321,0.99113,0.95067,0.99263,0.90533,0.46116,0.49484,0.49513,0.41295,0.47009,0.66137,0.68172,0.93164,0.00107838,0.00107838,0.00107838
109,84.6348,0.50287,0.6977,0.65813,0.92594,0.99113,0.95067,0.99263,0.90533,0.46116,0.49484,0.49513,0.41295,0.47009,0.66137,0.68172,0.93164,0.00107288,0.00107288,0.00107288
110,85.3948,0.54131,0.96159,0.66918,0.95072,0.99113,0.95067,0.99263,0.90533,0.46116,0.49484,0.49513,0.41295,0.47009,0.66137,0.68172,0.93164,0.00106738,0.00106738,0.00106738
111,86.1345,0.48799,0.78004,0.62986,0.95283,0.99113,0.95067,0.99263,0.90533,0.46116,0.49484,0.49513,0.41295,0.47009,0.66137,0.68172,0.93164,0.00106188,0.00106188,0.00106188
112,86.9511,0.58469,0.92972,0.63457,0.98203,0.98912,1,0.995,0.89778,0.4974,0.5,0.4975,0.42804,0.49279,0.55692,0.63949,0.93833,0.00105638,0.00105638,0.00105638
113,87.7142,0.56623,1.42147,0.76117,1.05265,0.98912,1,0.995,0.89778,0.4974,0.5,0.4975,0.42804,0.49279,0.55692,0.63949,0.93833,0.00105088,0.00105088,0.00105088
114,88.4529,0.49185,0.90099,0.66141,0.9661,0.98912,1,0.995,0.89778,0.4974,0.5,0.4975,0.42804,0.49279,0.55692,0.63949,0.93833,0.00104538,0.00104538,0.00104538
115,89.1754,0.53398,1.09894,0.65881,0.99621,0.98912,1,0.995,0.89778,0.4974,0.5,0.4975,0.42804,0.49279,0.55692,0.63949,0.93833,0.00103987,0.00103987,0.00103987
116,89.9444,0.50099,0.79644,0.66006,0.97295,0.98496,0.99666,0.995,0.90009,0.4984,0.5,0.4975,0.38719,0.47385,0.84283,0.62057,0.91402,0.00103437,0.00103437,0.00103437
117,90.6661,0.49818,0.92597,0.62107,0.95248,0.98496,0.99666,0.995,0.90009,0.4984,0.5,0.4975,0.38719,0.47385,0.84283,0.62057,0.91402,0.00102887,0.00102887,0.00102887
118,91.4288,0.48689,0.72055,0.63513,0.9395,0.98496,0.99666,0.995,0.90009,0.4984,0.5,0.4975,0.38719,0.47385,0.84283,0.62057,0.91402,0.00102337,0.00102337,0.00102337
119,92.1374,0.5363,0.8429,0.65183,0.98437,0.98496,0.99666,0.995,0.90009,0.4984,0.5,0.4975,0.38719,0.47385,0.84283,0.62057,0.91402,0.00101787,0.00101787,0.00101787
120,92.8768,0.48353,0.76388,0.59507,0.91921,0.98387,1,0.995,0.8981,0.47746,0.47917,0.4682,0.35196,0.4686,1.08561,0.59245,0.89794,0.00101237,0.00101237,0.00101237
121,93.6193,0.44742,0.80986,0.60344,0.92898,0.98387,1,0.995,0.8981,0.47746,0.47917,0.4682,0.35196,0.4686,1.08561,0.59245,0.89794,0.00100687,0.00100687,0.00100687
122,94.5353,0.51312,0.75733,0.63732,0.96984,0.98387,1,0.995,0.8981,0.47746,0.47917,0.4682,0.35196,0.4686,1.08561,0.59245,0.89794,0.00100137,0.00100137,0.00100137
123,95.3699,0.59994,1.02755,0.69797,1.00743,0.98387,1,0.995,0.8981,0.47746,0.47917,0.4682,0.35196,0.4686,1.08561,0.59245,0.89794,0.000995866,0.000995866,0.000995866
124,96.1419,0.50432,0.79947,0.61864,0.94368,0.9764,1,0.995,0.95105,0.47781,0.47917,0.47175,0.36895,0.40364,1.1237,0.55227,0.87733,0.000990365,0.000990365,0.000990365
125,96.8798,0.49403,0.92722,0.61943,0.96281,0.9764,1,0.995,0.95105,0.47781,0.47917,0.47175,0.36895,0.40364,1.1237,0.55227,0.87733,0.000984864,0.000984864,0.000984864
126,97.6264,0.49176,0.78213,0.63541,0.98115,0.9764,1,0.995,0.95105,0.47781,0.47917,0.47175,0.36895,0.40364,1.1237,0.55227,0.87733,0.000979362,0.000979362,0.000979362
127,98.3524,0.50985,0.89762,0.62058,0.97917,0.9764,1,0.995,0.95105,0.47781,0.47917,0.47175,0.36895,0.40364,1.1237,0.55227,0.87733,0.000973861,0.000973861,0.000973861
128,99.1448,0.49115,0.80334,0.61394,0.97094,0.97407,1,0.995,0.91892,0.4983,0.5,0.4975,0.40667,0.39234,0.82671,0.53414,0.87397,0.00096836,0.00096836,0.00096836
129,99.9157,0.58501,1.1328,0.76629,1.03534,0.97407,1,0.995,0.91892,0.4983,0.5,0.4975,0.40667,0.39234,0.82671,0.53414,0.87397,0.000962859,0.000962859,0.000962859
130,100.654,0.47467,0.90801,0.64164,0.95728,0.97407,1,0.995,0.91892,0.4983,0.5,0.4975,0.40667,0.39234,0.82671,0.53414,0.87397,0.000957358,0.000957358,0.000957358
131,101.435,0.49804,0.8308,0.62929,0.96411,0.97407,1,0.995,0.91892,0.4983,0.5,0.4975,0.40667,0.39234,0.82671,0.53414,0.87397,0.000951857,0.000951857,0.000951857
132,102.229,0.51747,0.95477,0.60825,0.92014,0.99271,0.99611,0.995,0.92955,0.4992,0.5,0.4975,0.42959,0.39417,0.59159,0.54961,0.86744,0.000946356,0.000946356,0.000946356
133,103.017,0.51222,0.73553,0.58935,0.94001,0.99271,0.99611,0.995,0.92955,0.4992,0.5,0.4975,0.42959,0.39417,0.59159,0.54961,0.86744,0.000940855,0.000940855,0.000940855
134,103.814,0.51628,1.04891,0.64268,0.96785,0.99271,0.99611,0.995,0.92955,0.4992,0.5,0.4975,0.42959,0.39417,0.59159,0.54961,0.86744,0.000935354,0.000935354,0.000935354
135,104.601,0.52901,0.83963,0.62133,0.92084,0.99271,0.99611,0.995,0.92955,0.4992,0.5,0.4975,0.42959,0.39417,0.59159,0.54961,0.86744,0.000929853,0.000929853,0.000929853
136,105.445,0.43148,0.64423,0.59273,0.90605,0.98066,0.9967,0.995,0.93752,0.49836,0.5,0.4975,0.44212,0.42895,0.61672,0.55803,0.88199,0.000924352,0.000924352,0.000924352
137,106.237,0.48661,0.93289,0.57648,0.93344,0.98066,0.9967,0.995,0.93752,0.49836,0.5,0.4975,0.44212,0.42895,0.61672,0.55803,0.88199,0.00091885,0.00091885,0.00091885
138,107.071,0.53431,0.77928,0.64148,0.98821,0.98066,0.9967,0.995,0.93752,0.49836,0.5,0.4975,0.44212,0.42895,0.61672,0.55803,0.88199,0.000913349,0.000913349,0.000913349
139,107.942,0.45995,0.7391,0.57983,0.90209,0.98066,0.9967,0.995,0.93752,0.49836,0.5,0.4975,0.44212,0.42895,0.61672,0.55803,0.88199,0.000907848,0.000907848,0.000907848
140,108.765,0.52361,0.71832,0.62053,0.92952,0.98847,1,0.995,0.92752,0.4971,0.5,0.4975,0.43615,0.42461,0.51098,0.53236,0.90766,0.000902347,0.000902347,0.000902347
141,109.505,0.47451,0.72265,0.57822,0.90714,0.98847,1,0.995,0.92752,0.4971,0.5,0.4975,0.43615,0.42461,0.51098,0.53236,0.90766,0.000896846,0.000896846,0.000896846
142,110.229,0.53257,0.91456,0.65968,0.97649,0.98847,1,0.995,0.92752,0.4971,0.5,0.4975,0.43615,0.42461,0.51098,0.53236,0.90766,0.000891345,0.000891345,0.000891345
143,111.027,0.43764,0.82293,0.57584,0.95161,0.98847,1,0.995,0.92752,0.4971,0.5,0.4975,0.43615,0.42461,0.51098,0.53236,0.90766,0.000885844,0.000885844,0.000885844
144,111.941,0.48961,0.68546,0.58085,0.92929,0.9704,1,0.995,0.93119,0.49734,0.5,0.4975,0.44989,0.40186,0.437,0.52303,0.91553,0.000880343,0.000880343,0.000880343
145,112.775,0.47446,1.21882,0.61937,0.92899,0.9704,1,0.995,0.93119,0.49734,0.5,0.4975,0.44989,0.40186,0.437,0.52303,0.91553,0.000874842,0.000874842,0.000874842
146,113.585,0.48261,0.80295,0.57141,0.95745,0.9704,1,0.995,0.93119,0.49734,0.5,0.4975,0.44989,0.40186,0.437,0.52303,0.91553,0.00086934,0.00086934,0.00086934
147,114.365,0.46229,0.85534,0.65393,0.96402,0.9704,1,0.995,0.93119,0.49734,0.5,0.4975,0.44989,0.40186,0.437,0.52303,0.91553,0.000863839,0.000863839,0.000863839
148,115.218,0.55081,0.98536,0.6176,0.96751,0.95689,0.99503,0.995,0.94633,0.49841,0.5,0.4975,0.44824,0.36298,0.41765,0.4867,0.88401,0.000858338,0.000858338,0.000858338
149,115.986,0.43326,0.96253,0.57048,0.91715,0.95689,0.99503,0.995,0.94633,0.49841,0.5,0.4975,0.44824,0.36298,0.41765,0.4867,0.88401,0.000852837,0.000852837,0.000852837
150,116.79,0.53073,0.73612,0.59802,0.94399,0.95689,0.99503,0.995,0.94633,0.49841,0.5,0.4975,0.44824,0.36298,0.41765,0.4867,0.88401,0.000847336,0.000847336,0.000847336
151,117.572,0.46492,0.6236,0.54461,0.90237,0.95689,0.99503,0.995,0.94633,0.49841,0.5,0.4975,0.44824,0.36298,0.41765,0.4867,0.88401,0.000841835,0.000841835,0.000841835
152,118.369,0.47221,0.82275,0.57265,0.91749,0.9555,1,0.995,0.93921,0.49752,0.5,0.4975,0.43379,0.39179,0.44956,0.49049,0.86781,0.000836334,0.000836334,0.000836334
153,119.089,0.47144,0.69979,0.54959,0.94571,0.9555,1,0.995,0.93921,0.49752,0.5,0.4975,0.43379,0.39179,0.44956,0.49049,0.86781,0.000830833,0.000830833,0.000830833
154,119.802,0.49998,0.68739,0.63431,0.94833,0.9555,1,0.995,0.93921,0.49752,0.5,0.4975,0.43379,0.39179,0.44956,0.49049,0.86781,0.000825332,0.000825332,0.000825332
155,120.534,0.49597,0.71907,0.57148,0.90437,0.9555,1,0.995,0.93921,0.49752,0.5,0.4975,0.43379,0.39179,0.44956,0.49049,0.86781,0.000819831,0.000819831,0.000819831
156,121.338,0.51653,0.75089,0.65655,0.98387,0.96757,0.99894,0.995,0.97141,0.4984,0.5,0.4975,0.43857,0.38538,0.48786,0.48321,0.87457,0.000814329,0.000814329,0.000814329
157,122.14,0.43615,0.63584,0.57641,0.9201,0.96757,0.99894,0.995,0.97141,0.4984,0.5,0.4975,0.43857,0.38538,0.48786,0.48321,0.87457,0.000808828,0.000808828,0.000808828
158,122.922,0.43136,0.65768,0.51714,0.87051,0.96757,0.99894,0.995,0.97141,0.4984,0.5,0.4975,0.43857,0.38538,0.48786,0.48321,0.87457,0.000803327,0.000803327,0.000803327
159,123.719,0.4598,0.85172,0.54332,0.89663,0.96757,0.99894,0.995,0.97141,0.4984,0.5,0.4975,0.43857,0.38538,0.48786,0.48321,0.87457,0.000797826,0.000797826,0.000797826
160,124.536,0.38908,0.58903,0.53567,0.90075,0.98152,1,0.995,0.96505,0.49836,0.5,0.4975,0.43869,0.35801,0.55588,0.4824,0.87372,0.000792325,0.000792325,0.000792325
161,125.276,0.40836,0.60663,0.53686,0.88615,0.98152,1,0.995,0.96505,0.49836,0.5,0.4975,0.43869,0.35801,0.55588,0.4824,0.87372,0.000786824,0.000786824,0.000786824
162,126,0.42424,0.76677,0.59765,0.9259,0.98152,1,0.995,0.96505,0.49836,0.5,0.4975,0.43869,0.35801,0.55588,0.4824,0.87372,0.000781323,0.000781323,0.000781323
163,126.735,0.4588,0.63848,0.61721,0.97823,0.98152,1,0.995,0.96505,0.49836,0.5,0.4975,0.43869,0.35801,0.55588,0.4824,0.87372,0.000775822,0.000775822,0.000775822
164,127.471,0.47197,0.95406,0.57958,0.95018,0.98745,1,0.995,0.9549,0.49847,0.5,0.4975,0.42534,0.38771,0.73123,0.47866,0.87216,0.000770321,0.000770321,0.000770321
165,128.195,0.47721,0.6643,0.64627,0.97279,0.98745,1,0.995,0.9549,0.49847,0.5,0.4975,0.42534,0.38771,0.73123,0.47866,0.87216,0.00076482,0.00076482,0.00076482
166,128.894,0.43496,0.68941,0.55729,0.91575,0.98745,1,0.995,0.9549,0.49847,0.5,0.4975,0.42534,0.38771,0.73123,0.47866,0.87216,0.000759318,0.000759318,0.000759318
167,129.595,0.45392,0.98419,0.58954,0.96863,0.98745,1,0.995,0.9549,0.49847,0.5,0.4975,0.42534,0.38771,0.73123,0.47866,0.87216,0.000753817,0.000753817,0.000753817
168,130.363,0.45966,0.66309,0.54486,0.92202,0.98918,1,0.995,0.9548,0.45629,0.45833,0.43888,0.37613,0.36844,1.30464,0.46128,0.87177,0.000748316,0.000748316,0.000748316
169,131.059,0.46775,0.854,0.61316,0.95203,0.98918,1,0.995,0.9548,0.45629,0.45833,0.43888,0.37613,0.36844,1.30464,0.46128,0.87177,0.000742815,0.000742815,0.000742815
170,131.774,0.47264,0.71476,0.62391,0.97607,0.98918,1,0.995,0.9548,0.45629,0.45833,0.43888,0.37613,0.36844,1.30464,0.46128,0.87177,0.000737314,0.000737314,0.000737314
171,132.483,0.47311,0.66227,0.60129,0.91318,0.98918,1,0.995,0.9548,0.45629,0.45833,0.43888,0.37613,0.36844,1.30464,0.46128,0.87177,0.000731813,0.000731813,0.000731813
172,133.238,0.42099,0.59168,0.52065,0.90055,0.98802,1,0.995,0.95812,0.45624,0.45833,0.44205,0.36385,0.32575,1.43972,0.45612,0.86419,0.000726312,0.000726312,0.000726312
173,133.957,0.43735,0.77374,0.55544,0.91733,0.98802,1,0.995,0.95812,0.45624,0.45833,0.44205,0.36385,0.32575,1.43972,0.45612,0.86419,0.000720811,0.000720811,0.000720811
174,134.668,0.4653,0.69207,0.56764,0.92542,0.98802,1,0.995,0.95812,0.45624,0.45833,0.44205,0.36385,0.32575,1.43972,0.45612,0.86419,0.00071531,0.00071531,0.00071531
175,135.381,0.45394,0.80693,0.58649,0.89378,0.98802,1,0.995,0.95812,0.45624,0.45833,0.44205,0.36385,0.32575,1.43972,0.45612,0.86419,0.000709809,0.000709809,0.000709809
176,136.123,0.45494,1.12213,0.61005,1.00039,0.98056,1,0.995,0.94474,0.47748,0.47917,0.47449,0.37753,0.34033,1.46238,0.44545,0.85742,0.000704307,0.000704307,0.000704307
177,136.844,0.47063,1.03704,0.67208,0.97649,0.98056,1,0.995,0.94474,0.47748,0.47917,0.47449,0.37753,0.34033,1.46238,0.44545,0.85742,0.000698806,0.000698806,0.000698806
178,137.558,0.47234,0.61845,0.55158,0.91419,0.98056,1,0.995,0.94474,0.47748,0.47917,0.47449,0.37753,0.34033,1.46238,0.44545,0.85742,0.000693305,0.000693305,0.000693305
179,138.262,0.49552,0.67228,0.56953,0.93841,0.98056,1,0.995,0.94474,0.47748,0.47917,0.47449,0.37753,0.34033,1.46238,0.44545,0.85742,0.000687804,0.000687804,0.000687804
180,139.021,0.47382,0.68646,0.59513,0.92675,0.97374,1,0.995,0.9719,0.49818,0.5,0.4975,0.38323,0.33071,1.28588,0.43827,0.84213,0.000682303,0.000682303,0.000682303
181,139.689,0.40455,0.59313,0.53205,0.91339,0.97374,1,0.995,0.9719,0.49818,0.5,0.4975,0.38323,0.33071,1.28588,0.43827,0.84213,0.000676802,0.000676802,0.000676802
182,140.451,0.43705,0.62355,0.57397,0.89258,0.97374,1,0.995,0.9719,0.49818,0.5,0.4975,0.38323,0.33071,1.28588,0.43827,0.84213,0.000671301,0.000671301,0.000671301
183,141.205,0.45302,1.31448,0.55455,0.96668,0.97374,1,0.995,0.9719,0.49818,0.5,0.4975,0.38323,0.33071,1.28588,0.43827,0.84213,0.0006658,0.0006658,0.0006658
184,142.21,0.4266,0.66349,0.50426,0.88431,0.96983,1,0.995,0.96499,0.45703,0.45833,0.45482,0.37361,0.36236,1.53081,0.45167,0.85372,0.000660299,0.000660299,0.000660299
185,143.035,0.41942,0.65188,0.55795,0.89603,0.96983,1,0.995,0.96499,0.45703,0.45833,0.45482,0.37361,0.36236,1.53081,0.45167,0.85372,0.000654798,0.000654798,0.000654798
186,143.764,0.47584,0.8347,0.63135,0.94186,0.96983,1,0.995,0.96499,0.45703,0.45833,0.45482,0.37361,0.36236,1.53081,0.45167,0.85372,0.000649297,0.000649297,0.000649297
187,144.547,0.44115,0.61967,0.5302,0.88962,0.96983,1,0.995,0.96499,0.45703,0.45833,0.45482,0.37361,0.36236,1.53081,0.45167,0.85372,0.000643795,0.000643795,0.000643795
188,145.311,0.42262,1.09743,0.5417,0.92821,0.95347,0.99455,0.995,0.96634,0.5,0.45528,0.45806,0.37451,0.36374,1.88419,0.44298,0.85441,0.000638294,0.000638294,0.000638294
189,146.077,0.44288,0.78322,0.56103,0.90751,0.95347,0.99455,0.995,0.96634,0.5,0.45528,0.45806,0.37451,0.36374,1.88419,0.44298,0.85441,0.000632793,0.000632793,0.000632793
190,146.825,0.41355,0.68313,0.50429,0.91389,0.95347,0.99455,0.995,0.96634,0.5,0.45528,0.45806,0.37451,0.36374,1.88419,0.44298,0.85441,0.000627292,0.000627292,0.000627292
191,147.702,0.5046,0.78659,0.64468,0.99252,0.95347,0.99455,0.995,0.96634,0.5,0.45528,0.45806,0.37451,0.36374,1.88419,0.44298,0.85441,0.000621791,0.000621791,0.000621791
192,148.512,0.42769,0.6471,0.55318,0.91216,0.96345,0.99884,0.995,0.96692,0.49359,0.45833,0.45807,0.38599,0.35309,1.18782,0.42038,0.85452,0.00061629,0.00061629,0.00061629
193,149.274,0.41301,0.78456,0.53763,0.89511,0.96345,0.99884,0.995,0.96692,0.49359,0.45833,0.45807,0.38599,0.35309,1.18782,0.42038,0.85452,0.000610789,0.000610789,0.000610789
194,150.083,0.47789,0.61428,0.57731,0.87335,0.96345,0.99884,0.995,0.96692,0.49359,0.45833,0.45807,0.38599,0.35309,1.18782,0.42038,0.85452,0.000605288,0.000605288,0.000605288
195,150.863,0.3771,0.52917,0.47982,0.91751,0.96345,0.99884,0.995,0.96692,0.49359,0.45833,0.45807,0.38599,0.35309,1.18782,0.42038,0.85452,0.000599787,0.000599787,0.000599787
196,151.638,0.45964,0.84175,0.5536,0.93695,0.99162,1,0.995,0.95826,0.49848,0.5,0.4975,0.39803,0.35521,0.79031,0.4038,0.86149,0.000594286,0.000594286,0.000594286
197,152.35,0.40334,0.65575,0.52362,0.93979,0.99162,1,0.995,0.95826,0.49848,0.5,0.4975,0.39803,0.35521,0.79031,0.4038,0.86149,0.000588784,0.000588784,0.000588784
198,153.083,0.4214,0.75047,0.56182,0.89447,0.99162,1,0.995,0.95826,0.49848,0.5,0.4975,0.39803,0.35521,0.79031,0.4038,0.86149,0.000583283,0.000583283,0.000583283
199,153.804,0.40784,0.78285,0.55979,0.94661,0.99162,1,0.995,0.95826,0.49848,0.5,0.4975,0.39803,0.35521,0.79031,0.4038,0.86149,0.000577782,0.000577782,0.000577782
200,154.545,0.41566,0.73314,0.62206,0.94764,0.9932,1,0.995,0.97507,0.49855,0.5,0.4975,0.40851,0.32548,0.68235,0.37787,0.84842,0.000572281,0.000572281,0.000572281
201,155.287,0.42444,0.62321,0.52427,0.92338,0.9932,1,0.995,0.97507,0.49855,0.5,0.4975,0.40851,0.32548,0.68235,0.37787,0.84842,0.00056678,0.00056678,0.00056678
202,155.99,0.40693,0.69224,0.47893,0.92555,0.9932,1,0.995,0.97507,0.49855,0.5,0.4975,0.40851,0.32548,0.68235,0.37787,0.84842,0.000561279,0.000561279,0.000561279
203,156.727,0.35436,0.73148,0.50365,0.89203,0.9932,1,0.995,0.97507,0.49855,0.5,0.4975,0.40851,0.32548,0.68235,0.37787,0.84842,0.000555778,0.000555778,0.000555778
204,157.637,0.41088,0.81447,0.55556,0.93771,0.98929,1,0.995,0.96895,0.49866,0.5,0.4975,0.41746,0.32183,0.68351,0.37984,0.84207,0.000550277,0.000550277,0.000550277
205,158.425,0.40441,0.71746,0.47387,0.88869,0.98929,1,0.995,0.96895,0.49866,0.5,0.4975,0.41746,0.32183,0.68351,0.37984,0.84207,0.000544776,0.000544776,0.000544776
206,159.151,0.38805,0.71402,0.46969,0.88345,0.98929,1,0.995,0.96895,0.49866,0.5,0.4975,0.41746,0.32183,0.68351,0.37984,0.84207,0.000539275,0.000539275,0.000539275
207,159.861,0.38824,0.69581,0.50738,0.90932,0.98929,1,0.995,0.96895,0.49866,0.5,0.4975,0.41746,0.32183,0.68351,0.37984,0.84207,0.000533773,0.000533773,0.000533773
208,160.637,0.38134,0.72361,0.45632,0.89638,0.96028,1,0.995,0.96781,0.5,0.47086,0.47783,0.40146,0.32667,0.98528,0.40859,0.8417,0.000528272,0.000528272,0.000528272
209,161.356,0.36496,0.52165,0.50514,0.89097,0.96028,1,0.995,0.96781,0.5,0.47086,0.47783,0.40146,0.32667,0.98528,0.40859,0.8417,0.000522771,0.000522771,0.000522771
210,162.127,0.39858,0.61245,0.5058,0.9143,0.96028,1,0.995,0.96781,0.5,0.47086,0.47783,0.40146,0.32667,0.98528,0.40859,0.8417,0.00051727,0.00051727,0.00051727
211,162.862,0.40434,0.75375,0.5022,0.92346,0.96028,1,0.995,0.96781,0.5,0.47086,0.47783,0.40146,0.32667,0.98528,0.40859,0.8417,0.000511769,0.000511769,0.000511769
212,163.601,0.40151,0.55479,0.49811,0.90022,0.9686,0.98295,0.995,0.96448,0.49869,0.47917,0.47784,0.39017,0.34086,1.17434,0.41967,0.85145,0.000506268,0.000506268,0.000506268
213,164.327,0.39833,0.76795,0.54401,0.9267,0.9686,0.98295,0.995,0.96448,0.49869,0.47917,0.47784,0.39017,0.34086,1.17434,0.41967,0.85145,0.000500767,0.000500767,0.000500767
214,165.03,0.41363,0.56256,0.51322,0.9199,0.9686,0.98295,0.995,0.96448,0.49869,0.47917,0.47784,0.39017,0.34086,1.17434,0.41967,0.85145,0.000495266,0.000495266,0.000495266
215,165.735,0.39138,0.77347,0.51181,0.8926,0.9686,0.98295,0.995,0.96448,0.49869,0.47917,0.47784,0.39017,0.34086,1.17434,0.41967,0.85145,0.000489765,0.000489765,0.000489765
216,166.479,0.40595,0.71695,0.5177,0.89679,0.96959,0.99488,0.995,0.96768,0.49341,0.47917,0.47785,0.37834,0.33867,1.26334,0.40582,0.8551,0.000484263,0.000484263,0.000484263
217,167.209,0.40256,0.5711,0.50059,0.90573,0.96959,0.99488,0.995,0.96768,0.49341,0.47917,0.47785,0.37834,0.33867,1.26334,0.40582,0.8551,0.000478762,0.000478762,0.000478762
218,167.923,0.35503,0.58988,0.48232,0.89669,0.96959,0.99488,0.995,0.96768,0.49341,0.47917,0.47785,0.37834,0.33867,1.26334,0.40582,0.8551,0.000473261,0.000473261,0.000473261
219,168.642,0.42451,0.69811,0.51798,0.93593,0.96959,0.99488,0.995,0.96768,0.49341,0.47917,0.47785,0.37834,0.33867,1.26334,0.40582,0.8551,0.00046776,0.00046776,0.00046776
220,169.415,0.41553,0.80211,0.57301,0.91025,0.97568,1,0.995,0.94474,0.49865,0.5,0.4975,0.38412,0.31513,1.23187,0.39255,0.84327,0.000462259,0.000462259,0.000462259
221,170.138,0.41951,0.69508,0.57498,0.93282,0.97568,1,0.995,0.94474,0.49865,0.5,0.4975,0.38412,0.31513,1.23187,0.39255,0.84327,0.000456758,0.000456758,0.000456758
222,170.891,0.39933,0.62812,0.52262,0.90831,0.97568,1,0.995,0.94474,0.49865,0.5,0.4975,0.38412,0.31513,1.23187,0.39255,0.84327,0.000451257,0.000451257,0.000451257
223,171.609,0.36484,0.73674,0.48676,0.92571,0.97568,1,0.995,0.94474,0.49865,0.5,0.4975,0.38412,0.31513,1.23187,0.39255,0.84327,0.000445756,0.000445756,0.000445756
224,172.388,0.36215,0.56325,0.48243,0.90537,0.97574,0.99475,0.995,0.95232,0.49481,0.47917,0.47785,0.39153,0.30866,1.28519,0.3854,0.83793,0.000440255,0.000440255,0.000440255
225,173.107,0.39432,0.52995,0.5217,0.90786,0.97574,0.99475,0.995,0.95232,0.49481,0.47917,0.47785,0.39153,0.30866,1.28519,0.3854,0.83793,0.000434754,0.000434754,0.000434754
226,173.862,0.36243,0.60755,0.49097,0.87968,0.97574,0.99475,0.995,0.95232,0.49481,0.47917,0.47785,0.39153,0.30866,1.28519,0.3854,0.83793,0.000429253,0.000429253,0.000429253
227,174.709,0.33744,0.84654,0.4708,0.84253,0.97574,0.99475,0.995,0.95232,0.49481,0.47917,0.47785,0.39153,0.30866,1.28519,0.3854,0.83793,0.000423751,0.000423751,0.000423751
228,175.521,0.36921,0.68871,0.50861,0.91966,0.98592,0.98408,0.995,0.95033,0.49538,0.47917,0.47786,0.38781,0.32745,1.32158,0.40093,0.84124,0.00041825,0.00041825,0.00041825
229,176.253,0.38329,0.63349,0.47316,0.93189,0.98592,0.98408,0.995,0.95033,0.49538,0.47917,0.47786,0.38781,0.32745,1.32158,0.40093,0.84124,0.000412749,0.000412749,0.000412749
230,176.969,0.43468,0.68983,0.55113,0.98166,0.98592,0.98408,0.995,0.95033,0.49538,0.47917,0.47786,0.38781,0.32745,1.32158,0.40093,0.84124,0.000407248,0.000407248,0.000407248
231,177.676,0.36148,0.50548,0.50218,0.90772,0.98592,0.98408,0.995,0.95033,0.49538,0.47917,0.47786,0.38781,0.32745,1.32158,0.40093,0.84124,0.000401747,0.000401747,0.000401747
232,178.445,0.37539,0.57793,0.48678,0.89136,0.98666,0.9838,0.995,0.95349,0.49537,0.47917,0.47785,0.38432,0.34857,1.36704,0.3923,0.84523,0.000396246,0.000396246,0.000396246
233,179.14,0.36602,0.51829,0.48757,0.9069,0.98666,0.9838,0.995,0.95349,0.49537,0.47917,0.47785,0.38432,0.34857,1.36704,0.3923,0.84523,0.000390745,0.000390745,0.000390745
234,179.85,0.33077,0.59089,0.49826,0.91233,0.98666,0.9838,0.995,0.95349,0.49537,0.47917,0.47785,0.38432,0.34857,1.36704,0.3923,0.84523,0.000385244,0.000385244,0.000385244
235,180.544,0.36838,0.55362,0.44884,0.86988,0.98666,0.9838,0.995,0.95349,0.49537,0.47917,0.47785,0.38432,0.34857,1.36704,0.3923,0.84523,0.000379743,0.000379743,0.000379743
236,181.279,0.35186,0.67947,0.49395,0.88607,0.9813,0.99475,0.995,0.95342,0.4946,0.47917,0.47785,0.37581,0.33274,1.33665,0.37715,0.84021,0.000374242,0.000374242,0.000374242
237,182.003,0.35621,0.52321,0.47148,0.8816,0.9813,0.99475,0.995,0.95342,0.4946,0.47917,0.47785,0.37581,0.33274,1.33665,0.37715,0.84021,0.00036874,0.00036874,0.00036874
238,182.712,0.35558,0.45194,0.45422,0.88153,0.9813,0.99475,0.995,0.95342,0.4946,0.47917,0.47785,0.37581,0.33274,1.33665,0.37715,0.84021,0.000363239,0.000363239,0.000363239
239,183.425,0.38561,0.51736,0.48852,0.90412,0.9813,0.99475,0.995,0.95342,0.4946,0.47917,0.47785,0.37581,0.33274,1.33665,0.37715,0.84021,0.000357738,0.000357738,0.000357738
240,184.189,0.38141,0.55999,0.46433,0.90282,0.98401,0.99532,0.995,0.95846,0.4939,0.47917,0.47785,0.38208,0.32986,1.37441,0.37818,0.84209,0.000352237,0.000352237,0.000352237
241,184.908,0.3601,0.59071,0.43634,0.8742,0.98401,0.99532,0.995,0.95846,0.4939,0.47917,0.47785,0.38208,0.32986,1.37441,0.37818,0.84209,0.000346736,0.000346736,0.000346736
242,185.636,0.35208,0.49026,0.46877,0.85782,0.98401,0.99532,0.995,0.95846,0.4939,0.47917,0.47785,0.38208,0.32986,1.37441,0.37818,0.84209,0.000341235,0.000341235,0.000341235
243,186.413,0.33751,0.55481,0.4516,0.8392,0.98401,0.99532,0.995,0.95846,0.4939,0.47917,0.47785,0.38208,0.32986,1.37441,0.37818,0.84209,0.000335734,0.000335734,0.000335734
244,187.172,0.37155,0.89761,0.52905,0.87642,0.98362,0.99448,0.995,0.94792,0.474,0.45833,0.45809,0.38379,0.35533,1.48687,0.38639,0.85315,0.000330233,0.000330233,0.000330233
245,187.911,0.32821,0.51345,0.44788,0.88764,0.98362,0.99448,0.995,0.94792,0.474,0.45833,0.45809,0.38379,0.35533,1.48687,0.38639,0.85315,0.000324732,0.000324732,0.000324732
246,188.707,0.37491,0.72047,0.4863,0.91227,0.98362,0.99448,0.995,0.94792,0.474,0.45833,0.45809,0.38379,0.35533,1.48687,0.38639,0.85315,0.000319231,0.000319231,0.000319231
247,189.464,0.33524,0.49353,0.46004,0.86238,0.98362,0.99448,0.995,0.94792,0.474,0.45833,0.45809,0.38379,0.35533,1.48687,0.38639,0.85315,0.000313729,0.000313729,0.000313729
248,190.263,0.3753,0.728,0.50126,0.87264,0.98197,0.99435,0.995,0.95808,0.47271,0.45833,0.45722,0.38253,0.36509,1.52172,0.39154,0.85913,0.000308228,0.000308228,0.000308228
249,191.008,0.38483,0.54966,0.50462,0.90851,0.98197,0.99435,0.995,0.95808,0.47271,0.45833,0.45722,0.38253,0.36509,1.52172,0.39154,0.85913,0.000302727,0.000302727,0.000302727
250,191.749,0.39997,0.77675,0.56637,0.9198,0.98197,0.99435,0.995,0.95808,0.47271,0.45833,0.45722,0.38253,0.36509,1.52172,0.39154,0.85913,0.000297226,0.000297226,0.000297226
251,192.489,0.36908,0.71989,0.45681,0.90886,0.98197,0.99435,0.995,0.95808,0.47271,0.45833,0.45722,0.38253,0.36509,1.52172,0.39154,0.85913,0.000291725,0.000291725,0.000291725
252,193.229,0.33008,0.52114,0.45645,0.87714,0.98736,0.98606,0.995,0.95237,0.4746,0.45833,0.45809,0.38,0.37005,1.6508,0.39478,0.8602,0.000286224,0.000286224,0.000286224
253,193.939,0.32911,0.45927,0.45385,0.88568,0.98736,0.98606,0.995,0.95237,0.4746,0.45833,0.45809,0.38,0.37005,1.6508,0.39478,0.8602,0.000280723,0.000280723,0.000280723
254,194.665,0.36818,0.70947,0.42969,0.92039,0.98736,0.98606,0.995,0.95237,0.4746,0.45833,0.45809,0.38,0.37005,1.6508,0.39478,0.8602,0.000275222,0.000275222,0.000275222
255,195.41,0.33653,0.54832,0.47386,0.85464,0.98736,0.98606,0.995,0.95237,0.4746,0.45833,0.45809,0.38,0.37005,1.6508,0.39478,0.8602,0.000269721,0.000269721,0.000269721
256,196.165,0.3381,0.47914,0.44968,0.87574,0.97897,0.99429,0.995,0.95635,0.47283,0.45833,0.45723,0.38661,0.36757,1.70658,0.3947,0.86218,0.00026422,0.00026422,0.00026422
257,197.095,0.35169,0.6689,0.49522,0.88382,0.97897,0.99429,0.995,0.95635,0.47283,0.45833,0.45723,0.38661,0.36757,1.70658,0.3947,0.86218,0.000258718,0.000258718,0.000258718
258,198.098,0.36498,0.69352,0.46666,0.87213,0.97897,0.99429,0.995,0.95635,0.47283,0.45833,0.45723,0.38661,0.36757,1.70658,0.3947,0.86218,0.000253217,0.000253217,0.000253217
259,198.971,0.34649,0.49107,0.49023,0.92704,0.97897,0.99429,0.995,0.95635,0.47283,0.45833,0.45723,0.38661,0.36757,1.70658,0.3947,0.86218,0.000247716,0.000247716,0.000247716
